{
  "generated_at": "2025-11-30T05:22:44Z",
  "databases": {
    "characters": "2992fb8c325a8026a3b5cbd96f332c17",
    "sessions": "2992fb8c325a80d9aed0d0320813a063"
  },
  "party_goals_page": "2992fb8c325a80efbb32edb10a21c3ba",
  "pages": [
    {
      "title": "Watcher Voone",
      "db": "Characters",
      "page_id": "29a2fb8c-325a-8102-927b-ea233328d337"
    },
    {
      "title": "Sugorim",
      "db": "Characters",
      "page_id": "29a2fb8c-325a-810b-8ea3-dac209bc6779"
    },
    {
      "title": "Kor’ghan",
      "db": "Characters",
      "page_id": "29a2fb8c-325a-8118-8d6d-f6064346c592"
    },
    {
      "title": "Captain Brightsun",
      "db": "Characters",
      "page_id": "29a2fb8c-325a-811a-88e5-de3438f74ea6"
    },
    {
      "title": "Nethraza Doomrend",
      "db": "Characters",
      "page_id": "29a2fb8c-325a-811d-b181-f281980f714d"
    },
    {
      "title": "Bwonsamdi",
      "db": "Characters",
      "page_id": "29a2fb8c-325a-811d-b22b-c34b162ac44b"
    },
    {
      "title": "Retick Fiztorque",
      "db": "Characters",
      "page_id": "29a2fb8c-325a-8122-a6b3-eeabd2d47da4"
    },
    {
      "title": "Aimer",
      "db": "Characters",
      "page_id": "29a2fb8c-325a-8124-bc1e-f22824e7a90d"
    },
    {
      "title": "Drek",
      "db": "Characters",
      "page_id": "29a2fb8c-325a-8125-af53-e7d006c78225"
    },
    {
      "title": "Vinebeard",
      "db": "Characters",
      "page_id": "29a2fb8c-325a-8126-b4db-c2ab79d7f875"
    },
    {
      "title": "Aeodira Thunderseeker",
      "db": "Characters",
      "page_id": "29a2fb8c-325a-8127-a4f1-e9d4c56251e0"
    },
    {
      "title": "Vashi",
      "db": "Characters",
      "page_id": "29a2fb8c-325a-812b-8b93-dff9893327a9"
    },
    {
      "title": "Keeper Ordanus",
      "db": "Characters",
      "page_id": "29a2fb8c-325a-8130-b53b-c248fd544a07"
    },
    {
      "title": "Kardis Dreamseeker",
      "db": "Characters",
      "page_id": "29a2fb8c-325a-8130-bce3-f011656a21e5"
    },
    {
      "title": "Marcog",
      "db": "Characters",
      "page_id": "29a2fb8c-325a-8133-ada4-fb446214cbd2"
    },
    {
      "title": "Kartosh Soulflame",
      "db": "Characters",
      "page_id": "29a2fb8c-325a-8133-b743-ccdf4161cca9"
    },
    {
      "title": "Mozo’re",
      "db": "Characters",
      "page_id": "29a2fb8c-325a-8135-be06-d9c50664bac7"
    },
    {
      "title": "Igor",
      "db": "Characters",
      "page_id": "29a2fb8c-325a-8140-8ef6-ea9af588e88d"
    },
    {
      "title": "Elune",
      "db": "Characters",
      "page_id": "29a2fb8c-325a-8143-b248-d720192bf682"
    },
    {
      "title": "Lor’themar Theron",
      "db": "Characters",
      "page_id": "29a2fb8c-325a-8145-828b-e9a1c74901ea"
    },
    {
      "title": "Jazzick",
      "db": "Characters",
      "page_id": "29a2fb8c-325a-8146-8c93-f60dad2ed61e"
    },
    {
      "title": "Uto",
      "db": "Characters",
      "page_id": "29a2fb8c-325a-814b-b429-dd3c961a2416"
    },
    {
      "title": "Kanyi",
      "db": "Characters",
      "page_id": "29a2fb8c-325a-814f-8fd0-c281789fc6c8"
    },
    {
      "title": "Lukou",
      "db": "Characters",
      "page_id": "29a2fb8c-325a-8157-8e4f-ecdb8cbc8985"
    },
    {
      "title": "Bom’bay",
      "db": "Characters",
      "page_id": "29a2fb8c-325a-8157-9ee8-ef30b1156036"
    },
    {
      "title": "Whuut",
      "db": "Characters",
      "page_id": "29a2fb8c-325a-815b-bd7b-cd271448dac6"
    },
    {
      "title": "Nekros Clantaker",
      "db": "Characters",
      "page_id": "29a2fb8c-325a-815c-90b8-c8d50137bb95"
    },
    {
      "title": "Harkzog",
      "db": "Characters",
      "page_id": "29a2fb8c-325a-815c-9c93-e7eda966a581"
    },
    {
      "title": "Madam Maram",
      "db": "Characters",
      "page_id": "29a2fb8c-325a-8165-86e9-ed0714c15510"
    },
    {
      "title": "Dambala",
      "db": "Characters",
      "page_id": "29a2fb8c-325a-816c-98c7-ef4dae6b1abb"
    },
    {
      "title": "Cinder",
      "db": "Characters",
      "page_id": "29a2fb8c-325a-8170-a007-e5abe5cec30b"
    },
    {
      "title": "Urkar",
      "db": "Characters",
      "page_id": "29a2fb8c-325a-817d-bb81-f8ab2c10dc83"
    },
    {
      "title": "Sam’gha",
      "db": "Characters",
      "page_id": "29a2fb8c-325a-8180-876d-cd63bbf42f82"
    },
    {
      "title": "Farendin Manaflame",
      "db": "Characters",
      "page_id": "29a2fb8c-325a-818b-a547-e2794d97d4a4"
    },
    {
      "title": "Aila",
      "db": "Characters",
      "page_id": "29a2fb8c-325a-818e-9f48-ff5249185c0f"
    },
    {
      "title": "Gazz’uz Voidrender",
      "db": "Characters",
      "page_id": "29a2fb8c-325a-8190-a658-d5189e395138"
    },
    {
      "title": "Cu’ul",
      "db": "Characters",
      "page_id": "29a2fb8c-325a-8197-aefc-c0f77cd91bfd"
    },
    {
      "title": "Volza",
      "db": "Characters",
      "page_id": "29a2fb8c-325a-81a1-b661-f12a5f5ef790"
    },
    {
      "title": "Jes’rimon",
      "db": "Characters",
      "page_id": "29a2fb8c-325a-81a3-a0e3-dc0ad85637f6"
    },
    {
      "title": "Thrall",
      "db": "Characters",
      "page_id": "29a2fb8c-325a-81a8-8014-ca384e362241"
    },
    {
      "title": "Gazlowe",
      "db": "Characters",
      "page_id": "29a2fb8c-325a-81a9-a131-d10126e37f9f"
    },
    {
      "title": "Godan Runetwist",
      "db": "Characters",
      "page_id": "29a2fb8c-325a-81aa-92d4-ee08e293288f"
    },
    {
      "title": "Watcher Daru",
      "db": "Characters",
      "page_id": "29a2fb8c-325a-81ad-b215-e882568098cc"
    },
    {
      "title": "Dura",
      "db": "Characters",
      "page_id": "29a2fb8c-325a-81ad-b486-f22371c974e4"
    },
    {
      "title": "Magar Irontusk",
      "db": "Characters",
      "page_id": "29a2fb8c-325a-81b3-adb0-f45deba62ced"
    },
    {
      "title": "Molla",
      "db": "Characters",
      "page_id": "29a2fb8c-325a-81b4-a5ba-e8339fc4e1e6"
    },
    {
      "title": "Satashia Manaflame",
      "db": "Characters",
      "page_id": "29a2fb8c-325a-81b5-8bf8-e22ccc01c06f"
    },
    {
      "title": "A’thian",
      "db": "Characters",
      "page_id": "29a2fb8c-325a-81b7-86da-edf91d138458"
    },
    {
      "title": "Shadra",
      "db": "Characters",
      "page_id": "29a2fb8c-325a-81bc-b418-c3bddbc620f8"
    },
    {
      "title": "Shango",
      "db": "Characters",
      "page_id": "29a2fb8c-325a-81c1-a19c-c8359d710942"
    },
    {
      "title": "Rasa",
      "db": "Characters",
      "page_id": "29a2fb8c-325a-81c8-9ead-c71e8b4d7b9b"
    },
    {
      "title": "Mi’zae",
      "db": "Characters",
      "page_id": "29a2fb8c-325a-81cc-a783-e0443f186a8b"
    },
    {
      "title": "Vol’jin",
      "db": "Characters",
      "page_id": "29a2fb8c-325a-81cf-98de-cc342ed1d98a"
    },
    {
      "title": "Mueh’zala",
      "db": "Characters",
      "page_id": "29a2fb8c-325a-81d2-a857-df369df0bc9c"
    },
    {
      "title": "Neeru Fireblade",
      "db": "Characters",
      "page_id": "29a2fb8c-325a-81d4-b85c-ebd9ee274a5e"
    },
    {
      "title": "Freyis",
      "db": "Characters",
      "page_id": "29a2fb8c-325a-81d5-9ddd-f587e30da5b5"
    },
    {
      "title": "Yelmak",
      "db": "Characters",
      "page_id": "29a2fb8c-325a-81dc-95d9-c52c635b9e68"
    },
    {
      "title": "Gilthares Firebough",
      "db": "Characters",
      "page_id": "29a2fb8c-325a-81dd-91dd-c62e04b51793"
    },
    {
      "title": "Zalazane",
      "db": "Characters",
      "page_id": "29a2fb8c-325a-81de-8f25-c003747e62a6"
    },
    {
      "title": "Gadrin",
      "db": "Characters",
      "page_id": "29a2fb8c-325a-81e9-acb2-eda3354ac704"
    },
    {
      "title": "Wylie",
      "db": "Characters",
      "page_id": "29a2fb8c-325a-81ed-86cb-d4744ca92338"
    },
    {
      "title": "Baron Longshore",
      "db": "Characters",
      "page_id": "29a2fb8c-325a-81f2-82cf-daa9c6921e22"
    },
    {
      "title": "Jojo",
      "db": "Characters",
      "page_id": "29a2fb8c-325a-81f2-b5e2-c755accd895a"
    },
    {
      "title": "Mother Norn’sa",
      "db": "Characters",
      "page_id": "29a2fb8c-325a-81f7-9c24-c4d2abce9587"
    },
    {
      "title": "Session #28",
      "db": "Session Notes",
      "page_id": "2992fb8c-325a-8001-8d09-f8bee019245a"
    },
    {
      "title": "Session #6",
      "db": "Session Notes",
      "page_id": "2992fb8c-325a-8010-8e39-d001259a622e"
    },
    {
      "title": "Session #11",
      "db": "Session Notes",
      "page_id": "2992fb8c-325a-801b-946e-e4c218764b6f"
    },
    {
      "title": "Session #26",
      "db": "Session Notes",
      "page_id": "2992fb8c-325a-8023-a2da-c3658373a829"
    },
    {
      "title": "Session #2",
      "db": "Session Notes",
      "page_id": "2992fb8c-325a-8026-bde2-d2719281b9b1"
    },
    {
      "title": "Session #24",
      "db": "Session Notes",
      "page_id": "2992fb8c-325a-802b-8297-c6ac40ac146e"
    },
    {
      "title": "Session #31",
      "db": "Session Notes",
      "page_id": "2992fb8c-325a-803a-926a-fe30dc3a5ef9"
    },
    {
      "title": "Session #9",
      "db": "Session Notes",
      "page_id": "2992fb8c-325a-8045-922e-d0c23c95237a"
    },
    {
      "title": "Session #3",
      "db": "Session Notes",
      "page_id": "2992fb8c-325a-804a-980f-d330b6c0ae6e"
    },
    {
      "title": "Session #22",
      "db": "Session Notes",
      "page_id": "2992fb8c-325a-804c-9ca6-d55effb3962e"
    },
    {
      "title": "Session #4",
      "db": "Session Notes",
      "page_id": "2992fb8c-325a-804f-9a67-e61cbc856bac"
    },
    {
      "title": "Session #20",
      "db": "Session Notes",
      "page_id": "2992fb8c-325a-8056-ae23-d01991858d6e"
    },
    {
      "title": "Session #1b",
      "db": "Session Notes",
      "page_id": "2992fb8c-325a-8059-bde0-e274c7a80503"
    },
    {
      "title": "Session #5",
      "db": "Session Notes",
      "page_id": "2992fb8c-325a-805e-844f-d58529c8bc1d"
    },
    {
      "title": "Session #23",
      "db": "Session Notes",
      "page_id": "2992fb8c-325a-8068-bbed-ccbf8bbe47a6"
    },
    {
      "title": "Session #1a",
      "db": "Session Notes",
      "page_id": "2992fb8c-325a-806a-ac59-dccc2905febc"
    },
    {
      "title": "Session #10",
      "db": "Session Notes",
      "page_id": "2992fb8c-325a-8070-9826-e6f9231d9438"
    },
    {
      "title": "Session #16",
      "db": "Session Notes",
      "page_id": "2992fb8c-325a-8079-9eae-f09936321678"
    },
    {
      "title": "Session #13",
      "db": "Session Notes",
      "page_id": "2992fb8c-325a-807f-81bf-c327ceac44ea"
    },
    {
      "title": "Session #7",
      "db": "Session Notes",
      "page_id": "2992fb8c-325a-8086-91de-c8b355715b5c"
    },
    {
      "title": "Session #29",
      "db": "Session Notes",
      "page_id": "2992fb8c-325a-8095-9000-c6dce479f57e"
    },
    {
      "title": "Session #14",
      "db": "Session Notes",
      "page_id": "2992fb8c-325a-80a5-a4c6-d55adc291167"
    },
    {
      "title": "Session #15",
      "db": "Session Notes",
      "page_id": "2992fb8c-325a-80a9-b62c-dc4d54c613d1"
    },
    {
      "title": "Session #27",
      "db": "Session Notes",
      "page_id": "2992fb8c-325a-80aa-9c61-d539229df49f"
    },
    {
      "title": "Session #25",
      "db": "Session Notes",
      "page_id": "2992fb8c-325a-80b2-b995-c956e1ec92a3"
    },
    {
      "title": "Session #19",
      "db": "Session Notes",
      "page_id": "2992fb8c-325a-80bb-bc9b-d6148c9d80c7"
    },
    {
      "title": "Session #18",
      "db": "Session Notes",
      "page_id": "2992fb8c-325a-80bc-a947-cd0be4160682"
    },
    {
      "title": "Session #21",
      "db": "Session Notes",
      "page_id": "2992fb8c-325a-80be-af23-dc49e30f8aaa"
    },
    {
      "title": "Session #8",
      "db": "Session Notes",
      "page_id": "2992fb8c-325a-80cb-975b-fff81bf129ff"
    },
    {
      "title": "Session #17",
      "db": "Session Notes",
      "page_id": "2992fb8c-325a-80d6-ba5b-c27fef8042e5"
    },
    {
      "title": "Session #30",
      "db": "Session Notes",
      "page_id": "2992fb8c-325a-80dc-b413-de622fa105ac"
    },
    {
      "title": "Session #12",
      "db": "Session Notes",
      "page_id": "2992fb8c-325a-80f5-8f0a-f8fc5f469fcb"
    },
    {
      "title": "Session #40",
      "db": "Session Notes",
      "page_id": "29a2fb8c-325a-8002-8652-ef7021e0f5da"
    },
    {
      "title": "Session #38",
      "db": "Session Notes",
      "page_id": "29a2fb8c-325a-8006-85f3-d31fbd9563cd"
    },
    {
      "title": "Session #41",
      "db": "Session Notes",
      "page_id": "29a2fb8c-325a-800e-a7fb-cb316d6ee37b"
    },
    {
      "title": "Session #56",
      "db": "Session Notes",
      "page_id": "29a2fb8c-325a-8011-a5db-eaf2b8a85cde"
    },
    {
      "title": "Session #46",
      "db": "Session Notes",
      "page_id": "29a2fb8c-325a-8015-a66a-e593b760e9bf"
    },
    {
      "title": "Session #49",
      "db": "Session Notes",
      "page_id": "29a2fb8c-325a-8016-804d-c20abaa5aae2"
    },
    {
      "title": "Session #33",
      "db": "Session Notes",
      "page_id": "29a2fb8c-325a-8019-833f-f1e963296203"
    },
    {
      "title": "Session #59",
      "db": "Session Notes",
      "page_id": "29a2fb8c-325a-801e-b7ed-f9b082ac34dc"
    },
    {
      "title": "Session #39",
      "db": "Session Notes",
      "page_id": "29a2fb8c-325a-8023-bec1-dced0264a708"
    },
    {
      "title": "Session #47",
      "db": "Session Notes",
      "page_id": "29a2fb8c-325a-802c-9461-d2f10888d9ec"
    },
    {
      "title": "Session #58",
      "db": "Session Notes",
      "page_id": "29a2fb8c-325a-803c-a5b4-eef8e82ebeb2"
    },
    {
      "title": "Session #45",
      "db": "Session Notes",
      "page_id": "29a2fb8c-325a-8042-b504-e17215f69a88"
    },
    {
      "title": "Session #62",
      "db": "Session Notes",
      "page_id": "29a2fb8c-325a-8057-8777-ef69e327690a"
    },
    {
      "title": "Session #53",
      "db": "Session Notes",
      "page_id": "29a2fb8c-325a-8059-b675-d4396e95207a"
    },
    {
      "title": "Session #44",
      "db": "Session Notes",
      "page_id": "29a2fb8c-325a-8063-8f12-dc03c626d5ac"
    },
    {
      "title": "Session #54",
      "db": "Session Notes",
      "page_id": "29a2fb8c-325a-8064-97ea-d78bab236190"
    },
    {
      "title": "Session #34",
      "db": "Session Notes",
      "page_id": "29a2fb8c-325a-8064-b0fc-d171ffb9c5ca"
    },
    {
      "title": "Session #43",
      "db": "Session Notes",
      "page_id": "29a2fb8c-325a-8064-b859-c2cc442ab837"
    },
    {
      "title": "Session #61",
      "db": "Session Notes",
      "page_id": "29a2fb8c-325a-8076-ba47-ec811d35f325"
    },
    {
      "title": "Session #32",
      "db": "Session Notes",
      "page_id": "29a2fb8c-325a-80a8-826b-e3f8a48b2abb"
    },
    {
      "title": "Session #42",
      "db": "Session Notes",
      "page_id": "29a2fb8c-325a-80bb-94ce-decfe9ec62b0"
    },
    {
      "title": "Session #48",
      "db": "Session Notes",
      "page_id": "29a2fb8c-325a-80c1-86f1-e0c289299bce"
    },
    {
      "title": "Session #50",
      "db": "Session Notes",
      "page_id": "29a2fb8c-325a-80c3-b96e-d6ae15604a0b"
    },
    {
      "title": "Session #63",
      "db": "Session Notes",
      "page_id": "29a2fb8c-325a-80c7-a2fe-e1da5bae4b3d"
    },
    {
      "title": "Session #36",
      "db": "Session Notes",
      "page_id": "29a2fb8c-325a-80c9-b9c9-fee47eae4b2a"
    },
    {
      "title": "Session #64",
      "db": "Session Notes",
      "page_id": "29a2fb8c-325a-80da-a580-c2e2377d0b5d"
    },
    {
      "title": "Session #52",
      "db": "Session Notes",
      "page_id": "29a2fb8c-325a-80da-b5b2-ecfecfbcb57c"
    },
    {
      "title": "Session #60",
      "db": "Session Notes",
      "page_id": "29a2fb8c-325a-80de-a122-d6aefad39aa1"
    },
    {
      "title": "Session #37",
      "db": "Session Notes",
      "page_id": "29a2fb8c-325a-80e3-aa95-eb278ee8750e"
    },
    {
      "title": "Session #35",
      "db": "Session Notes",
      "page_id": "29a2fb8c-325a-80ef-a4f5-eba769fccbca"
    },
    {
      "title": "Session #55",
      "db": "Session Notes",
      "page_id": "29a2fb8c-325a-80f2-95ae-fc164efbe2e2"
    },
    {
      "title": "Session #57",
      "db": "Session Notes",
      "page_id": "29a2fb8c-325a-80fa-8add-c90b37b4b23f"
    },
    {
      "title": "Session #51",
      "db": "Session Notes",
      "page_id": "29a2fb8c-325a-80fe-9008-e41c240016da"
    },
    {
      "title": "Party Goals Tracker",
      "db": "Party Goals",
      "page_id": "2992fb8c325a80efbb32edb10a21c3ba"
    }
  ],
  "compendium_parts": [
    "lore_compendium_part_01.md",
    "lore_compendium_part_02.md",
    "lore_compendium_part_03.md"
  ]
}