{
  "generated_at": "2025-10-28T16:21:11Z",
  "databases": {
    "characters": "2992fb8c325a8026a3b5cbd96f332c17",
    "sessions": "2992fb8c325a80d9aed0d0320813a063"
  },
  "party_goals_page": "2992fb8c325a80efbb32edb10a21c3ba",
  "pages": [
    {
      "title": "Alyrin",
      "db": "Characters",
      "page_id": "2992fb8c-325a-8032-8a5b-c5195eeefa62"
    },
    {
      "title": "Adelaide Dawntreader",
      "db": "Characters",
      "page_id": "2992fb8c-325a-808b-af6f-c6de5be63b99"
    },
    {
      "title": "Juniper",
      "db": "Characters",
      "page_id": "2992fb8c-325a-80d1-bf5b-eff54b35c954"
    },
    {
      "title": "Isilee Shorestrider",
      "db": "Characters",
      "page_id": "2992fb8c-325a-80d3-820a-c9c1a7a391e1"
    },
    {
      "title": "Ga’an",
      "db": "Characters",
      "page_id": "2992fb8c-325a-80d8-8b35-d79caa92f127"
    },
    {
      "title": "Session #28",
      "db": "Session Notes",
      "page_id": "2992fb8c-325a-8001-8d09-f8bee019245a"
    },
    {
      "title": "Session #6",
      "db": "Session Notes",
      "page_id": "2992fb8c-325a-8010-8e39-d001259a622e"
    },
    {
      "title": "Session #11",
      "db": "Session Notes",
      "page_id": "2992fb8c-325a-801b-946e-e4c218764b6f"
    },
    {
      "title": "Session #26",
      "db": "Session Notes",
      "page_id": "2992fb8c-325a-8023-a2da-c3658373a829"
    },
    {
      "title": "Session #2",
      "db": "Session Notes",
      "page_id": "2992fb8c-325a-8026-bde2-d2719281b9b1"
    },
    {
      "title": "Session #24",
      "db": "Session Notes",
      "page_id": "2992fb8c-325a-802b-8297-c6ac40ac146e"
    },
    {
      "title": "Session #31",
      "db": "Session Notes",
      "page_id": "2992fb8c-325a-803a-926a-fe30dc3a5ef9"
    },
    {
      "title": "Session #9",
      "db": "Session Notes",
      "page_id": "2992fb8c-325a-8045-922e-d0c23c95237a"
    },
    {
      "title": "Session #3",
      "db": "Session Notes",
      "page_id": "2992fb8c-325a-804a-980f-d330b6c0ae6e"
    },
    {
      "title": "Session #22",
      "db": "Session Notes",
      "page_id": "2992fb8c-325a-804c-9ca6-d55effb3962e"
    },
    {
      "title": "Session #4",
      "db": "Session Notes",
      "page_id": "2992fb8c-325a-804f-9a67-e61cbc856bac"
    },
    {
      "title": "Session #20",
      "db": "Session Notes",
      "page_id": "2992fb8c-325a-8056-ae23-d01991858d6e"
    },
    {
      "title": "Session #1b",
      "db": "Session Notes",
      "page_id": "2992fb8c-325a-8059-bde0-e274c7a80503"
    },
    {
      "title": "Session #5",
      "db": "Session Notes",
      "page_id": "2992fb8c-325a-805e-844f-d58529c8bc1d"
    },
    {
      "title": "Session #23",
      "db": "Session Notes",
      "page_id": "2992fb8c-325a-8068-bbed-ccbf8bbe47a6"
    },
    {
      "title": "Session #1a",
      "db": "Session Notes",
      "page_id": "2992fb8c-325a-806a-ac59-dccc2905febc"
    },
    {
      "title": "Session #10",
      "db": "Session Notes",
      "page_id": "2992fb8c-325a-8070-9826-e6f9231d9438"
    },
    {
      "title": "Session #16",
      "db": "Session Notes",
      "page_id": "2992fb8c-325a-8079-9eae-f09936321678"
    },
    {
      "title": "Session #13",
      "db": "Session Notes",
      "page_id": "2992fb8c-325a-807f-81bf-c327ceac44ea"
    },
    {
      "title": "Session #7",
      "db": "Session Notes",
      "page_id": "2992fb8c-325a-8086-91de-c8b355715b5c"
    },
    {
      "title": "Session #29",
      "db": "Session Notes",
      "page_id": "2992fb8c-325a-8095-9000-c6dce479f57e"
    },
    {
      "title": "Session #14",
      "db": "Session Notes",
      "page_id": "2992fb8c-325a-80a5-a4c6-d55adc291167"
    },
    {
      "title": "Session #15",
      "db": "Session Notes",
      "page_id": "2992fb8c-325a-80a9-b62c-dc4d54c613d1"
    },
    {
      "title": "Session #27",
      "db": "Session Notes",
      "page_id": "2992fb8c-325a-80aa-9c61-d539229df49f"
    },
    {
      "title": "Session #25",
      "db": "Session Notes",
      "page_id": "2992fb8c-325a-80b2-b995-c956e1ec92a3"
    },
    {
      "title": "Session #19",
      "db": "Session Notes",
      "page_id": "2992fb8c-325a-80bb-bc9b-d6148c9d80c7"
    },
    {
      "title": "Session #18",
      "db": "Session Notes",
      "page_id": "2992fb8c-325a-80bc-a947-cd0be4160682"
    },
    {
      "title": "Session #21",
      "db": "Session Notes",
      "page_id": "2992fb8c-325a-80be-af23-dc49e30f8aaa"
    },
    {
      "title": "Session #8",
      "db": "Session Notes",
      "page_id": "2992fb8c-325a-80cb-975b-fff81bf129ff"
    },
    {
      "title": "Session #17",
      "db": "Session Notes",
      "page_id": "2992fb8c-325a-80d6-ba5b-c27fef8042e5"
    },
    {
      "title": "Session #30",
      "db": "Session Notes",
      "page_id": "2992fb8c-325a-80dc-b413-de622fa105ac"
    },
    {
      "title": "Session #12",
      "db": "Session Notes",
      "page_id": "2992fb8c-325a-80f5-8f0a-f8fc5f469fcb"
    },
    {
      "title": "Session #40",
      "db": "Session Notes",
      "page_id": "29a2fb8c-325a-8002-8652-ef7021e0f5da"
    },
    {
      "title": "Session #38",
      "db": "Session Notes",
      "page_id": "29a2fb8c-325a-8006-85f3-d31fbd9563cd"
    },
    {
      "title": "Session #41",
      "db": "Session Notes",
      "page_id": "29a2fb8c-325a-800e-a7fb-cb316d6ee37b"
    },
    {
      "title": "Session #56",
      "db": "Session Notes",
      "page_id": "29a2fb8c-325a-8011-a5db-eaf2b8a85cde"
    },
    {
      "title": "Session #46",
      "db": "Session Notes",
      "page_id": "29a2fb8c-325a-8015-a66a-e593b760e9bf"
    },
    {
      "title": "Session #49",
      "db": "Session Notes",
      "page_id": "29a2fb8c-325a-8016-804d-c20abaa5aae2"
    },
    {
      "title": "Session #33",
      "db": "Session Notes",
      "page_id": "29a2fb8c-325a-8019-833f-f1e963296203"
    },
    {
      "title": "Session #59",
      "db": "Session Notes",
      "page_id": "29a2fb8c-325a-801e-b7ed-f9b082ac34dc"
    },
    {
      "title": "Session #39",
      "db": "Session Notes",
      "page_id": "29a2fb8c-325a-8023-bec1-dced0264a708"
    },
    {
      "title": "Session #47",
      "db": "Session Notes",
      "page_id": "29a2fb8c-325a-802c-9461-d2f10888d9ec"
    },
    {
      "title": "Session #58",
      "db": "Session Notes",
      "page_id": "29a2fb8c-325a-803c-a5b4-eef8e82ebeb2"
    },
    {
      "title": "Session #45",
      "db": "Session Notes",
      "page_id": "29a2fb8c-325a-8042-b504-e17215f69a88"
    },
    {
      "title": "Session #62",
      "db": "Session Notes",
      "page_id": "29a2fb8c-325a-8057-8777-ef69e327690a"
    },
    {
      "title": "Session #53",
      "db": "Session Notes",
      "page_id": "29a2fb8c-325a-8059-b675-d4396e95207a"
    },
    {
      "title": "Session #44",
      "db": "Session Notes",
      "page_id": "29a2fb8c-325a-8063-8f12-dc03c626d5ac"
    },
    {
      "title": "Session #54",
      "db": "Session Notes",
      "page_id": "29a2fb8c-325a-8064-97ea-d78bab236190"
    },
    {
      "title": "Session #34",
      "db": "Session Notes",
      "page_id": "29a2fb8c-325a-8064-b0fc-d171ffb9c5ca"
    },
    {
      "title": "Session #43",
      "db": "Session Notes",
      "page_id": "29a2fb8c-325a-8064-b859-c2cc442ab837"
    },
    {
      "title": "Session #61",
      "db": "Session Notes",
      "page_id": "29a2fb8c-325a-8076-ba47-ec811d35f325"
    },
    {
      "title": "Session #32",
      "db": "Session Notes",
      "page_id": "29a2fb8c-325a-80a8-826b-e3f8a48b2abb"
    },
    {
      "title": "Session #42",
      "db": "Session Notes",
      "page_id": "29a2fb8c-325a-80bb-94ce-decfe9ec62b0"
    },
    {
      "title": "Session #48",
      "db": "Session Notes",
      "page_id": "29a2fb8c-325a-80c1-86f1-e0c289299bce"
    },
    {
      "title": "Session #50",
      "db": "Session Notes",
      "page_id": "29a2fb8c-325a-80c3-b96e-d6ae15604a0b"
    },
    {
      "title": "Session #63",
      "db": "Session Notes",
      "page_id": "29a2fb8c-325a-80c7-a2fe-e1da5bae4b3d"
    },
    {
      "title": "Session #36",
      "db": "Session Notes",
      "page_id": "29a2fb8c-325a-80c9-b9c9-fee47eae4b2a"
    },
    {
      "title": "Session #64",
      "db": "Session Notes",
      "page_id": "29a2fb8c-325a-80da-a580-c2e2377d0b5d"
    },
    {
      "title": "Session #52",
      "db": "Session Notes",
      "page_id": "29a2fb8c-325a-80da-b5b2-ecfecfbcb57c"
    },
    {
      "title": "Session #60",
      "db": "Session Notes",
      "page_id": "29a2fb8c-325a-80de-a122-d6aefad39aa1"
    },
    {
      "title": "Session #37",
      "db": "Session Notes",
      "page_id": "29a2fb8c-325a-80e3-aa95-eb278ee8750e"
    },
    {
      "title": "Session #35",
      "db": "Session Notes",
      "page_id": "29a2fb8c-325a-80ef-a4f5-eba769fccbca"
    },
    {
      "title": "Session #55",
      "db": "Session Notes",
      "page_id": "29a2fb8c-325a-80f2-95ae-fc164efbe2e2"
    },
    {
      "title": "Session #57",
      "db": "Session Notes",
      "page_id": "29a2fb8c-325a-80fa-8add-c90b37b4b23f"
    },
    {
      "title": "Session #51",
      "db": "Session Notes",
      "page_id": "29a2fb8c-325a-80fe-9008-e41c240016da"
    },
    {
      "title": "Party Goals Tracker",
      "db": "Party Goals",
      "page_id": "2992fb8c325a80efbb32edb10a21c3ba"
    }
  ],
  "compendium_parts": [
    "lore_compendium_part_01.md",
    "lore_compendium_part_02.md",
    "lore_compendium_part_03.md"
  ]
}