{
  "generated_at": "2025-10-27T20:23:31Z",
  "databases": {
    "characters": "2992fb8c325a8026a3b5cbd96f332c17",
    "sessions": "2992fb8c325a80d9aed0d0320813a063"
  },
  "party_goals_page": "2992fb8c325a80efbb32edb10a21c3ba",
  "pages": [
    {
      "title": "Alyrin",
      "db": "Characters",
      "page_id": "2992fb8c-325a-8032-8a5b-c5195eeefa62"
    },
    {
      "title": "Adelaide Dawntreader",
      "db": "Characters",
      "page_id": "2992fb8c-325a-808b-af6f-c6de5be63b99"
    },
    {
      "title": "Juniper",
      "db": "Characters",
      "page_id": "2992fb8c-325a-80d1-bf5b-eff54b35c954"
    },
    {
      "title": "Isilee Shorestrider",
      "db": "Characters",
      "page_id": "2992fb8c-325a-80d3-820a-c9c1a7a391e1"
    },
    {
      "title": "Ga’an",
      "db": "Characters",
      "page_id": "2992fb8c-325a-80d8-8b35-d79caa92f127"
    },
    {
      "title": "Session #28",
      "db": "Session Notes",
      "page_id": "2992fb8c-325a-8001-8d09-f8bee019245a"
    },
    {
      "title": "Session #6",
      "db": "Session Notes",
      "page_id": "2992fb8c-325a-8010-8e39-d001259a622e"
    },
    {
      "title": "Session #11",
      "db": "Session Notes",
      "page_id": "2992fb8c-325a-801b-946e-e4c218764b6f"
    },
    {
      "title": "Session #26",
      "db": "Session Notes",
      "page_id": "2992fb8c-325a-8023-a2da-c3658373a829"
    },
    {
      "title": "Session #2",
      "db": "Session Notes",
      "page_id": "2992fb8c-325a-8026-bde2-d2719281b9b1"
    },
    {
      "title": "Session #24",
      "db": "Session Notes",
      "page_id": "2992fb8c-325a-802b-8297-c6ac40ac146e"
    },
    {
      "title": "Session #31",
      "db": "Session Notes",
      "page_id": "2992fb8c-325a-803a-926a-fe30dc3a5ef9"
    },
    {
      "title": "Session #9",
      "db": "Session Notes",
      "page_id": "2992fb8c-325a-8045-922e-d0c23c95237a"
    },
    {
      "title": "Session #3",
      "db": "Session Notes",
      "page_id": "2992fb8c-325a-804a-980f-d330b6c0ae6e"
    },
    {
      "title": "Session #22",
      "db": "Session Notes",
      "page_id": "2992fb8c-325a-804c-9ca6-d55effb3962e"
    },
    {
      "title": "Session #4",
      "db": "Session Notes",
      "page_id": "2992fb8c-325a-804f-9a67-e61cbc856bac"
    },
    {
      "title": "Session #20",
      "db": "Session Notes",
      "page_id": "2992fb8c-325a-8056-ae23-d01991858d6e"
    },
    {
      "title": "Session #1b",
      "db": "Session Notes",
      "page_id": "2992fb8c-325a-8059-bde0-e274c7a80503"
    },
    {
      "title": "Session #5",
      "db": "Session Notes",
      "page_id": "2992fb8c-325a-805e-844f-d58529c8bc1d"
    },
    {
      "title": "Session #23",
      "db": "Session Notes",
      "page_id": "2992fb8c-325a-8068-bbed-ccbf8bbe47a6"
    },
    {
      "title": "Session #1a",
      "db": "Session Notes",
      "page_id": "2992fb8c-325a-806a-ac59-dccc2905febc"
    },
    {
      "title": "Session #10",
      "db": "Session Notes",
      "page_id": "2992fb8c-325a-8070-9826-e6f9231d9438"
    },
    {
      "title": "Session #16",
      "db": "Session Notes",
      "page_id": "2992fb8c-325a-8079-9eae-f09936321678"
    },
    {
      "title": "Session #13",
      "db": "Session Notes",
      "page_id": "2992fb8c-325a-807f-81bf-c327ceac44ea"
    },
    {
      "title": "Session #7",
      "db": "Session Notes",
      "page_id": "2992fb8c-325a-8086-91de-c8b355715b5c"
    },
    {
      "title": "Session #29",
      "db": "Session Notes",
      "page_id": "2992fb8c-325a-8095-9000-c6dce479f57e"
    },
    {
      "title": "Session #14",
      "db": "Session Notes",
      "page_id": "2992fb8c-325a-80a5-a4c6-d55adc291167"
    },
    {
      "title": "Session #15",
      "db": "Session Notes",
      "page_id": "2992fb8c-325a-80a9-b62c-dc4d54c613d1"
    },
    {
      "title": "Session #27",
      "db": "Session Notes",
      "page_id": "2992fb8c-325a-80aa-9c61-d539229df49f"
    },
    {
      "title": "Session #25",
      "db": "Session Notes",
      "page_id": "2992fb8c-325a-80b2-b995-c956e1ec92a3"
    },
    {
      "title": "Session #19",
      "db": "Session Notes",
      "page_id": "2992fb8c-325a-80bb-bc9b-d6148c9d80c7"
    },
    {
      "title": "Session #18",
      "db": "Session Notes",
      "page_id": "2992fb8c-325a-80bc-a947-cd0be4160682"
    },
    {
      "title": "Session #21",
      "db": "Session Notes",
      "page_id": "2992fb8c-325a-80be-af23-dc49e30f8aaa"
    },
    {
      "title": "Session #8",
      "db": "Session Notes",
      "page_id": "2992fb8c-325a-80cb-975b-fff81bf129ff"
    },
    {
      "title": "Session #17",
      "db": "Session Notes",
      "page_id": "2992fb8c-325a-80d6-ba5b-c27fef8042e5"
    },
    {
      "title": "Session #30",
      "db": "Session Notes",
      "page_id": "2992fb8c-325a-80dc-b413-de622fa105ac"
    },
    {
      "title": "Session #12",
      "db": "Session Notes",
      "page_id": "2992fb8c-325a-80f5-8f0a-f8fc5f469fcb"
    },
    {
      "title": "Party Goals Tracker",
      "db": "Party Goals",
      "page_id": "2992fb8c325a80efbb32edb10a21c3ba"
    }
  ]
}